AC01,AD01,AD03,AD10,AD10_09,AD11,BP03_03,BP03_04,BP03_05,BP03_06,BP03_07,BP03_08,BP03_09,BP03_10,BP03_11,BP03_12,BP03_13,BP03_14,BP04,BP05,BP06,BP07,BP08,CH01_01,CH01_02,CH01_03,CH01_04,CH01_05,CH02,CH02_01,CH02_02,CH02_03,CH02_04,CH02_05,CH03,CH04,DI02,DI03,DI04,DI05,DI06,DI07,DI08,DI09,DJ01,DJ02,DJ03,DJ04,DJ06,DJ07,DJ09,DJ10,DK01,DK02,DK03,DK05,DK06,DK07,DK09,DK10,DL01,DL02,DL03,DL04,DL05,DL06,DL08,DL09,DM01,DM02,DM03,DM04,DM05,DM06,DM08,DM09,DN01,DN02,DN03,DN04,DN05,DN06,DN08,DN09,EE01_CP,EE01,FS05_01,FS06_01,FS08,FS09_03,FS09_04,FS09_05,FS09_06,FS09_07,FS09_08,FS09_09,FS09_10,FS09_11,FS09_12,FS09_13,FS09_14,TIME_SUM,FINISHED
2,1.0,3.0,8.0,,3.0,1.0,1.0,1.0,1.0,1.0,1.0,2.0,1.0,1.0,1.0,1.0,1.0,3.0,2.0,2.0,2.0,2.0,1.0,1.0,1.0,1.0,1.0,1.0,1.0,2.0,1.0,1.0,1.0,1.0,4.0,1.0,1.0,3.0,4.0,4.0,5.0,5.0,5.0,2.0,1.0,4.0,3.0,4.0,4.0,3.0,2.0,2.0,1.0,4.0,4.0,4.0,4.0,3.0,4.0,1.0,1.0,4.0,2.0,2.0,4.0,2.0,2.0,1.0,1.0,5.0,5.0,5.0,5.0,4.0,5.0,2.0,1.0,4.0,4.0,3.0,4.0,3.0,4.0,0.0,2.0,"Ich weiß es nicht, einfach Bauchgefühl",Ich weiß es nicht ,2.0,1.0,1.0,1.0,1.0,1.0,1.0,1.0,2.0,1.0,1.0,1.0,1.0,936,1
2,1.0,4.0,8.0,,3.0,1.0,1.0,1.0,1.0,1.0,1.0,1.0,1.0,1.0,1.0,1.0,1.0,4.0,2.0,4.0,2.0,3.0,1.0,1.0,1.0,1.0,1.0,2.0,1.0,1.0,2.0,1.0,2.0,3.0,4.0,3.0,1.0,4.0,4.0,4.0,4.0,4.0,3.0,3.0,1.0,4.0,4.0,4.0,4.0,3.0,3.0,3.0,2.0,2.0,4.0,4.0,3.0,2.0,3.0,3.0,2.0,3.0,3.0,4.0,4.0,3.0,3.0,3.0,1.0,3.0,4.0,4.0,4.0,3.0,3.0,3.0,1.0,3.0,4.0,4.0,4.0,3.0,4.0,0.0,1.0,"Kann ich nicht genau sagen, es klang plausibel und auch auf bestimmte Hintergründe bezogen aber ich habe ja eine Meinung und wissen und durch ein Statement von wem auch immer ändert sich das nicht direkt. ","Kann ich nicht sagen schwierig, zu hoch gestochen oder uneemotionalität kann auch AI schließen man kann aber AI trainieren das ich es kaum noch unterscheiden kann ohne den Schreiber normal zu kennen  ",4.0,1.0,1.0,1.0,1.0,1.0,1.0,1.0,1.0,1.0,1.0,1.0,1.0,932,1
2,1.0,3.0,8.0,,3.0,,,,,,,,,,,,,,,,,,,,,,,,,,,,,,,,,,,,,,,,,,,,,,,,,,,,,,,,,,,,,,,,,,,,,,,,,,,,,,,,,,,,,,,,,,,,,,,,76,0
2,1.0,3.0,8.0,,3.0,5.0,2.0,4.0,1.0,4.0,2.0,4.0,2.0,2.0,4.0,2.0,4.0,5.0,5.0,2.0,4.0,3.0,1.0,1.0,1.0,1.0,1.0,3.0,2.0,1.0,1.0,2.0,2.0,3.0,1.0,2.0,5.0,4.0,5.0,4.0,4.0,4.0,2.0,2.0,5.0,4.0,4.0,4.0,4.0,3.0,4.0,2.0,5.0,2.0,2.0,2.0,1.0,1.0,1.0,2.0,4.0,4.0,4.0,4.0,4.0,2.0,4.0,1.0,4.0,5.0,5.0,5.0,5.0,4.0,5.0,1.0,4.0,4.0,4.0,4.0,4.0,4.0,4.0,1.0,1.0,I was feeling strongly towards statements that seemed to be populistic and in general terms,"The way in which the statement was written. Sometimes it was very factual and ,,plain"", while other times it seemed to be more emotional and written out of the spur of the moment.",4.0,5.0,3.0,4.0,1.0,3.0,2.0,4.0,2.0,2.0,4.0,2.0,5.0,696,1
2,1.0,3.0,8.0,,3.0,5.0,4.0,5.0,5.0,5.0,1.0,3.0,2.0,2.0,3.0,1.0,4.0,4.0,5.0,4.0,4.0,3.0,1.0,1.0,1.0,1.0,1.0,1.0,2.0,1.0,1.0,1.0,1.0,3.0,2.0,1.0,3.0,2.0,2.0,4.0,4.0,5.0,2.0,3.0,2.0,4.0,3.0,4.0,4.0,3.0,5.0,3.0,4.0,3.0,3.0,4.0,5.0,3.0,3.0,3.0,4.0,3.0,3.0,4.0,5.0,3.0,5.0,3.0,4.0,2.0,1.0,2.0,3.0,3.0,1.0,3.0,2.0,3.0,2.0,5.0,4.0,3.0,4.0,1.0,2.0,"The content was overall more an opinion or a statement about how we should act. Since I believe that everyone has an opinion, I would believe that an actual human could have said one of the quotes. I didn't notice any specific wordings typical for AI, so I wouldn't recognize which were from an AI system. ",I'm not sure ,4.0,5.0,4.0,3.0,2.0,5.0,1.0,3.0,2.0,2.0,4.0,1.0,5.0,1203,1
2,2.0,4.0,8.0,,3.0,4.0,4.0,4.0,2.0,5.0,5.0,3.0,3.0,2.0,4.0,4.0,4.0,4.0,3.0,4.0,2.0,4.0,1.0,1.0,1.0,1.0,1.0,2.0,2.0,1.0,1.0,2.0,1.0,2.0,2.0,2.0,3.0,4.0,3.0,3.0,4.0,4.0,2.0,2.0,1.0,2.0,3.0,2.0,4.0,2.0,4.0,2.0,2.0,2.0,3.0,3.0,4.0,2.0,4.0,2.0,2.0,4.0,3.0,3.0,4.0,2.0,4.0,2.0,2.0,4.0,3.0,4.0,5.0,2.0,5.0,2.0,2.0,4.0,3.0,4.0,4.0,2.0,5.0,2.0,1.0,"It was based on my opinion, i would say that I know a lot of these topics and can classify these statements easier. And if they fitted more to the stuff i know they were more trustworthy than completely new facts ","Ja same as for the question before, just based on knowledge ",4.0,4.0,4.0,4.0,2.0,4.0,3.0,3.0,2.0,2.0,4.0,4.0,4.0,1217,1
2,1.0,3.0,8.0,,2.0,5.0,4.0,4.0,1.0,4.0,3.0,4.0,3.0,2.0,3.0,4.0,4.0,3.0,2.0,4.0,3.0,2.0,1.0,1.0,1.0,1.0,1.0,2.0,2.0,1.0,1.0,2.0,1.0,3.0,2.0,2.0,4.0,3.0,4.0,4.0,4.0,4.0,2.0,1.0,1.0,5.0,5.0,5.0,5.0,2.0,5.0,2.0,1.0,4.0,4.0,2.0,4.0,2.0,4.0,1.0,2.0,4.0,4.0,5.0,4.0,2.0,5.0,2.0,2.0,3.0,3.0,3.0,4.0,4.0,4.0,2.0,2.0,4.0,5.0,5.0,5.0,2.0,5.0,2.0,2.0,How discrete the examples were,Examples,3.0,4.0,4.0,4.0,2.0,4.0,2.0,4.0,3.0,2.0,3.0,4.0,4.0,1175,1
2,,,,,,,,,,,,,,,,,,,,,,,,,,,,,,,,,,,,,,,,,,,,,,,,,,,,,,,,,,,,,,,,,,,,,,,,,,,,,,,,,,,,,,,,,,,,,,,,,,,,,4,0
2,1.0,3.0,8.0,,3.0,,,,,,,,,,,,,,,,,,,,,,,,,,,,,,,,,,,,,,,,,,,,,,,,,,,,,,,,,,,,,,,,,,,,,,,,,,,,,,,,,,,,,,,,,,,,,,,,23,0
2,2.0,3.0,8.0,,2.0,4.0,2.0,2.0,2.0,1.0,2.0,4.0,3.0,1.0,2.0,1.0,3.0,4.0,4.0,4.0,3.0,3.0,1.0,1.0,1.0,1.0,1.0,2.0,2.0,1.0,2.0,1.0,1.0,3.0,2.0,3.0,1.0,3.0,3.0,2.0,3.0,3.0,2.0,3.0,1.0,3.0,3.0,3.0,2.0,2.0,3.0,3.0,1.0,3.0,3.0,3.0,2.0,2.0,3.0,3.0,1.0,3.0,3.0,3.0,3.0,2.0,3.0,3.0,1.0,3.0,3.0,3.0,3.0,2.0,1.0,3.0,1.0,3.0,3.0,3.0,3.0,2.0,3.0,3.0,2.0,"The quotes were optional, not fact statements. Trust in opinions is transferred from trust in its senders which were not specified here.",Context,4.0,4.0,4.0,3.0,3.0,1.0,3.0,3.0,3.0,1.0,4.0,1.0,3.0,587,1
2,1.0,4.0,8.0,,3.0,5.0,5.0,5.0,1.0,5.0,1.0,2.0,5.0,1.0,5.0,4.0,5.0,4.0,5.0,2.0,4.0,4.0,1.0,1.0,1.0,1.0,1.0,2.0,2.0,1.0,1.0,2.0,1.0,3.0,2.0,2.0,3.0,4.0,3.0,2.0,5.0,1.0,1.0,1.0,3.0,4.0,3.0,2.0,4.0,2.0,2.0,3.0,3.0,4.0,3.0,2.0,1.0,1.0,1.0,2.0,3.0,2.0,2.0,1.0,1.0,1.0,2.0,3.0,3.0,4.0,2.0,3.0,5.0,4.0,3.0,3.0,3.0,4.0,3.0,2.0,5.0,4.0,3.0,3.0,1.0,"Superlative terms like all/best/only make content less believable. An unbalanced, one-sided view on topics makes me suspicious.",If a number is to exact or perfect it makes it less credible for me. I also check if there is a cause and effect mentioned.,4.0,5.0,4.0,4.0,1.0,5.0,2.0,2.0,1.0,1.0,4.0,4.0,5.0,1300,1
2,1.0,2.0,4.0,,2.0,5.0,3.0,3.0,1.0,4.0,1.0,3.0,1.0,2.0,3.0,3.0,5.0,5.0,5.0,1.0,5.0,5.0,1.0,1.0,1.0,1.0,1.0,1.0,1.0,1.0,1.0,2.0,1.0,1.0,2.0,2.0,3.0,3.0,2.0,3.0,4.0,2.0,1.0,1.0,3.0,3.0,2.0,3.0,4.0,2.0,3.0,2.0,3.0,3.0,2.0,2.0,3.0,2.0,2.0,2.0,3.0,3.0,2.0,2.0,4.0,2.0,2.0,2.0,3.0,3.0,2.0,2.0,3.0,2.0,2.0,2.0,3.0,3.0,2.0,2.0,5.0,3.0,4.0,4.0,2.0,"I think what I most look for is emotion to make content believable. If a person feels strongly about a topic, you can often see it in their language.","Emotion, Formality",5.0,4.0,4.0,3.0,1.0,4.0,1.0,3.0,1.0,2.0,3.0,3.0,5.0,692,1
2,1.0,3.0,4.0,,3.0,,,,,,,,,,,,,,,,,,,,,,,,,,,,,,,,,,,,,,,,,,,,,,,,,,,,,,,,,,,,,,,,,,,,,,,,,,,,,,,,,,,,,,,,,,,,,,,,27,0
2,1.0,3.0,4.0,,3.0,5.0,4.0,5.0,3.0,5.0,3.0,4.0,3.0,1.0,4.0,3.0,5.0,4.0,4.0,3.0,4.0,4.0,1.0,1.0,1.0,1.0,1.0,2.0,2.0,1.0,2.0,1.0,1.0,1.0,4.0,2.0,5.0,4.0,1.0,4.0,4.0,2.0,3.0,2.0,5.0,3.0,1.0,3.0,4.0,3.0,2.0,1.0,4.0,4.0,1.0,4.0,5.0,4.0,3.0,1.0,4.0,4.0,1.0,5.0,5.0,3.0,3.0,2.0,4.0,3.0,1.0,4.0,5.0,3.0,3.0,1.0,4.0,4.0,1.0,4.0,4.0,4.0,3.0,4.0,1.0,All images looked the same and looked like a filled-in template.,The lack of references made the content less credible.,4.0,4.0,4.0,5.0,3.0,5.0,3.0,4.0,3.0,1.0,4.0,3.0,4.0,1090,1
2,1.0,3.0,4.0,,3.0,5.0,4.0,5.0,1.0,3.0,2.0,3.0,2.0,2.0,4.0,2.0,5.0,5.0,5.0,1.0,4.0,3.0,1.0,1.0,1.0,1.0,1.0,2.0,2.0,1.0,1.0,2.0,1.0,3.0,2.0,1.0,4.0,4.0,4.0,4.0,5.0,5.0,2.0,1.0,5.0,5.0,5.0,4.0,5.0,2.0,4.0,1.0,3.0,1.0,1.0,1.0,1.0,1.0,1.0,2.0,4.0,4.0,4.0,4.0,4.0,2.0,3.0,1.0,3.0,5.0,5.0,4.0,5.0,2.0,5.0,1.0,3.0,5.0,5.0,5.0,5.0,2.0,5.0,5.0,1.0,it became unbelievable when it deviated a lot from my knowledge on the subject,in one example I felt like using numbers made it sound credible,5.0,5.0,4.0,5.0,1.0,3.0,1.0,2.0,2.0,2.0,4.0,2.0,5.0,1185,1
2,1.0,3.0,4.0,,2.0,5.0,4.0,5.0,1.0,4.0,2.0,3.0,2.0,2.0,4.0,3.0,4.0,4.0,3.0,3.0,3.0,3.0,1.0,1.0,1.0,1.0,1.0,1.0,2.0,1.0,1.0,1.0,1.0,3.0,4.0,2.0,5.0,2.0,1.0,2.0,4.0,4.0,2.0,1.0,5.0,4.0,1.0,4.0,5.0,1.0,4.0,1.0,3.0,2.0,1.0,4.0,4.0,2.0,3.0,1.0,2.0,4.0,1.0,4.0,4.0,1.0,4.0,1.0,3.0,4.0,1.0,3.0,4.0,3.0,3.0,2.0,2.0,4.0,1.0,4.0,5.0,2.0,4.0,5.0,2.0,the layout in general made all the content very unbelievable with no source of the quote,"the missing source, exaggerating",4.0,5.0,4.0,5.0,2.0,4.0,3.0,3.0,2.0,2.0,4.0,3.0,5.0,1323,1
2,1.0,3.0,4.0,,3.0,4.0,2.0,4.0,4.0,4.0,3.0,2.0,3.0,2.0,2.0,4.0,3.0,3.0,5.0,2.0,3.0,4.0,1.0,1.0,1.0,1.0,1.0,3.0,2.0,1.0,2.0,1.0,2.0,2.0,4.0,3.0,4.0,3.0,1.0,1.0,2.0,2.0,1.0,1.0,5.0,4.0,4.0,4.0,4.0,4.0,4.0,2.0,3.0,4.0,2.0,2.0,4.0,2.0,4.0,2.0,2.0,2.0,2.0,3.0,2.0,2.0,2.0,2.0,2.0,3.0,4.0,2.0,2.0,2.0,2.0,1.0,1.0,4.0,5.0,4.0,5.0,4.0,5.0,6.0,2.0,Exaggerations make content unbelievable.,-,3.0,4.0,2.0,4.0,2.0,3.0,3.0,2.0,3.0,3.0,2.0,4.0,2.0,992,1
2,1.0,4.0,4.0,,3.0,5.0,2.0,4.0,1.0,5.0,2.0,3.0,1.0,2.0,3.0,2.0,4.0,4.0,4.0,4.0,4.0,4.0,1.0,2.0,1.0,1.0,1.0,2.0,2.0,1.0,1.0,2.0,1.0,1.0,4.0,3.0,2.0,4.0,2.0,4.0,4.0,4.0,2.0,1.0,2.0,4.0,2.0,4.0,2.0,2.0,2.0,3.0,2.0,3.0,2.0,4.0,4.0,2.0,4.0,1.0,2.0,2.0,2.0,4.0,4.0,2.0,4.0,,,,,,,,,,,,,,,,,6.0,1.0,,,,,,,,,,,,,,,,330,0
2,2.0,3.0,4.0,,3.0,5.0,3.0,4.0,1.0,4.0,2.0,4.0,2.0,2.0,2.0,3.0,5.0,4.0,3.0,4.0,4.0,3.0,1.0,1.0,1.0,1.0,1.0,3.0,2.0,1.0,1.0,2.0,2.0,3.0,2.0,3.0,3.0,4.0,4.0,4.0,4.0,4.0,2.0,3.0,2.0,3.0,4.0,4.0,5.0,2.0,4.0,2.0,4.0,2.0,2.0,2.0,2.0,3.0,2.0,2.0,2.0,2.0,2.0,2.0,2.0,1.0,3.0,3.0,4.0,4.0,2.0,4.0,5.0,3.0,5.0,3.0,3.0,4.0,3.0,4.0,4.0,3.0,4.0,7.0,1.0,if the premises of the presented content lined up with my prior knowledge,lack of cause and effect relationships make it less credible,4.0,4.0,4.0,4.0,1.0,3.0,2.0,4.0,2.0,3.0,4.0,2.0,5.0,1406,1
2,2.0,3.0,4.0,,2.0,4.0,2.0,4.0,2.0,4.0,2.0,3.0,2.0,2.0,4.0,3.0,4.0,4.0,5.0,4.0,4.0,3.0,1.0,1.0,1.0,1.0,1.0,2.0,2.0,1.0,1.0,2.0,1.0,1.0,2.0,1.0,4.0,3.0,3.0,4.0,4.0,4.0,3.0,2.0,4.0,2.0,2.0,2.0,4.0,4.0,4.0,1.0,4.0,5.0,4.0,5.0,5.0,4.0,5.0,,,,,,,,,,,,,,,,,,,,,,,,,7.0,2.0,,,,,,,,,,,,,,,,789,0
2,2.0,2.0,4.0,,2.0,4.0,4.0,4.0,3.0,4.0,4.0,2.0,3.0,1.0,5.0,1.0,3.0,3.0,2.0,5.0,3.0,1.0,1.0,1.0,1.0,1.0,1.0,1.0,1.0,1.0,2.0,1.0,1.0,1.0,3.0,2.0,1.0,3.0,3.0,2.0,4.0,1.0,4.0,2.0,1.0,2.0,1.0,2.0,3.0,2.0,2.0,1.0,1.0,1.0,1.0,1.0,1.0,1.0,1.0,1.0,2.0,2.0,3.0,3.0,2.0,2.0,3.0,1.0,2.0,4.0,4.0,4.0,5.0,3.0,4.0,2.0,1.0,2.0,1.0,2.0,1.0,2.0,2.0,8.0,1.0,My prior knowledge on the subjects,"If there were facts mentioned that I had already heard before, I would be more likely to believe the content. ",3.0,2.0,4.0,3.0,2.0,4.0,5.0,1.0,3.0,1.0,3.0,2.0,3.0,897,1
2,2.0,4.0,9.0,Apprenticeship,3.0,5.0,4.0,4.0,1.0,4.0,2.0,3.0,1.0,2.0,4.0,3.0,4.0,5.0,5.0,2.0,4.0,4.0,1.0,2.0,1.0,1.0,1.0,4.0,2.0,1.0,2.0,2.0,2.0,1.0,4.0,3.0,3.0,3.0,3.0,4.0,4.0,5.0,2.0,1.0,3.0,4.0,3.0,4.0,5.0,3.0,5.0,3.0,3.0,3.0,3.0,2.0,4.0,2.0,2.0,2.0,3.0,4.0,3.0,3.0,3.0,3.0,4.0,2.0,3.0,3.0,4.0,3.0,3.0,2.0,4.0,3.0,3.0,4.0,4.0,5.0,5.0,3.0,4.0,8.0,2.0,if there were some clues why they thought that that is the way to go ,"leaving out critical or relevant information like to say ""we need to do this"" but not why",5.0,5.0,4.0,4.0,1.0,4.0,2.0,3.0,1.0,2.0,4.0,2.0,4.0,994,1
2,2.0,3.0,4.0,,3.0,5.0,3.0,3.0,1.0,3.0,1.0,4.0,1.0,4.0,4.0,2.0,5.0,4.0,4.0,4.0,3.0,3.0,1.0,1.0,1.0,1.0,1.0,3.0,2.0,1.0,1.0,2.0,2.0,1.0,4.0,2.0,3.0,2.0,1.0,2.0,4.0,3.0,2.0,2.0,3.0,2.0,1.0,3.0,4.0,2.0,4.0,2.0,3.0,2.0,1.0,2.0,4.0,1.0,4.0,1.0,3.0,4.0,4.0,4.0,5.0,1.0,5.0,2.0,3.0,2.0,1.0,2.0,2.0,1.0,2.0,1.0,1.0,5.0,4.0,5.0,5.0,4.0,5.0,9.0,2.0,"It talked about conrete phenomena i have heard of not like other quotes that were presented that always used the term ""bold"" in a really fuzzy way","It talked about conrete phenomena i have heard of not like other quotes that were presented that always used the term ""bold"" in a really fuzzy way",4.0,5.0,3.0,3.0,1.0,3.0,2.0,4.0,1.0,2.0,4.0,2.0,4.0,1027,1
2,1.0,3.0,8.0,,3.0,5.0,4.0,5.0,2.0,3.0,4.0,3.0,2.0,1.0,3.0,4.0,4.0,4.0,5.0,5.0,4.0,4.0,1.0,1.0,1.0,1.0,1.0,2.0,2.0,1.0,1.0,2.0,1.0,1.0,4.0,3.0,3.0,4.0,4.0,4.0,4.0,1.0,2.0,,,,,,,,,,,,,,,,,,,,,,,,,,,,,,,,,,,,,,,,,9.0,1.0,,,,,,,,,,,,,,,,380,0
2,4.0,5.0,4.0,,3.0,5.0,4.0,3.0,1.0,5.0,2.0,4.0,2.0,2.0,4.0,3.0,5.0,4.0,3.0,4.0,3.0,3.0,,,,,,,,,,,,,,,,,,,,,,,,,,,,,,,,,,,,,,,,,,,,,,,,,,,,,,,,,,,,,,,,,,,,,,,,,,,,,,,404,0
2,1.0,3.0,8.0,,3.0,,,,,,,,,,,,,,,,,,,,,,,,,,,,,,,,,,,,,,,,,,,,,,,,,,,,,,,,,,,,,,,,,,,,,,,,,,,,,,,,,,,,,,,,,,,,,,,,203,0
2,2.0,4.0,4.0,,3.0,5.0,3.0,4.0,1.0,4.0,1.0,3.0,1.0,2.0,4.0,3.0,5.0,5.0,5.0,4.0,5.0,4.0,1.0,1.0,1.0,1.0,1.0,2.0,2.0,1.0,1.0,2.0,1.0,1.0,4.0,2.0,1.0,2.0,2.0,5.0,5.0,4.0,1.0,3.0,1.0,2.0,2.0,4.0,4.0,1.0,4.0,1.0,1.0,2.0,2.0,5.0,5.0,1.0,2.0,3.0,1.0,2.0,2.0,5.0,5.0,1.0,4.0,1.0,1.0,2.0,2.0,3.0,4.0,2.0,2.0,2.0,1.0,2.0,2.0,5.0,5.0,1.0,4.0,10.0,2.0,How much it alignment with my personal knowledge ,The fact I couldn't check who would have posted it as his content on social media and I can't see the source   ,5.0,5.0,3.0,4.0,1.0,4.0,1.0,3.0,1.0,2.0,4.0,3.0,5.0,1140,1
2,2.0,3.0,4.0,,3.0,,,,,,,,,,,,,,,,,,,,,,,,,,,,,,,,,,,,,,,,,,,,,,,,,,,,,,,,,,,,,,,,,,,,,,,,,,,,,,,,,,,,,,,,,,,,,,,,16,0
2,1.0,4.0,4.0,,3.0,5.0,4.0,4.0,1.0,5.0,2.0,4.0,3.0,1.0,3.0,2.0,4.0,4.0,2.0,5.0,1.0,1.0,4.0,3.0,2.0,2.0,1.0,2.0,2.0,1.0,1.0,2.0,1.0,1.0,3.0,1.0,4.0,3.0,3.0,4.0,5.0,5.0,2.0,3.0,5.0,2.0,2.0,2.0,3.0,2.0,2.0,1.0,3.0,2.0,2.0,2.0,2.0,3.0,2.0,2.0,2.0,3.0,3.0,3.0,4.0,3.0,5.0,1.0,4.0,4.0,3.0,4.0,4.0,4.0,5.0,1.0,4.0,2.0,2.0,3.0,3.0,4.0,4.0,10.0,1.0,"The phrasing, but hard to tell what exactly","In many cases, the more emotional the content is, the less credible it seems.",4.0,4.0,4.0,3.0,2.0,5.0,2.0,4.0,3.0,1.0,3.0,1.0,4.0,1422,1
2,1.0,3.0,4.0,,3.0,4.0,4.0,4.0,1.0,4.0,1.0,3.0,2.0,4.0,3.0,4.0,4.0,5.0,3.0,4.0,3.0,4.0,3.0,4.0,3.0,4.0,1.0,2.0,2.0,1.0,2.0,1.0,1.0,3.0,4.0,3.0,5.0,4.0,4.0,4.0,4.0,4.0,3.0,,,,,,,,,,,,,,,,,,,,,,,,,,,,,,,,,,,,,,,,,11.0,2.0,,,,,,,,,,,,,,,,283,0
2,1.0,3.0,4.0,,3.0,5.0,3.0,4.0,1.0,5.0,2.0,4.0,2.0,1.0,4.0,3.0,5.0,4.0,4.0,2.0,4.0,3.0,4.0,4.0,4.0,2.0,1.0,2.0,2.0,1.0,1.0,2.0,1.0,1.0,2.0,1.0,4.0,2.0,2.0,3.0,5.0,3.0,4.0,1.0,2.0,4.0,4.0,4.0,4.0,4.0,2.0,2.0,4.0,1.0,2.0,2.0,2.0,2.0,1.0,1.0,3.0,1.0,1.0,1.0,1.0,2.0,1.0,2.0,1.0,4.0,4.0,4.0,5.0,3.0,5.0,1.0,3.0,3.0,4.0,4.0,5.0,3.0,4.0,11.0,1.0,believable: if it's common sense (to most people) and highly discussed in the media,if facts where shown + not too specific as no one can predict the future 100% right,4.0,4.0,3.0,4.0,1.0,4.0,2.0,3.0,3.0,1.0,4.0,2.0,4.0,774,1
2,2.0,4.0,8.0,,3.0,5.0,4.0,4.0,1.0,3.0,1.0,3.0,2.0,1.0,4.0,2.0,5.0,4.0,4.0,3.0,4.0,4.0,4.0,2.0,3.0,4.0,3.0,3.0,2.0,1.0,1.0,2.0,2.0,2.0,4.0,,,,,,,,,,,,,,,,,,,,,,,,,,,,,,,,,,,,,,,,,,,,,,,,,12.0,1.0,,,,,,,,,,,,,,,,297,0
2,1.0,3.0,4.0,,2.0,5.0,3.0,4.0,1.0,4.0,2.0,2.0,2.0,2.0,3.0,4.0,5.0,4.0,4.0,3.0,4.0,3.0,2.0,5.0,3.0,4.0,3.0,2.0,2.0,1.0,2.0,1.0,1.0,3.0,4.0,1.0,3.0,3.0,4.0,4.0,4.0,2.0,1.0,2.0,2.0,2.0,3.0,2.0,4.0,4.0,2.0,2.0,4.0,3.0,2.0,3.0,4.0,3.0,5.0,2.0,3.0,3.0,3.0,4.0,4.0,1.0,1.0,2.0,2.0,4.0,2.0,2.0,4.0,3.0,2.0,3.0,3.0,4.0,3.0,4.0,2.0,4.0,4.0,12.0,2.0,"Unbelievable: a lot of synonyms, basically reinstating the same thing over and over",Credible: factual/detailed arguments,4.0,2.0,2.0,4.0,2.0,3.0,2.0,4.0,3.0,4.0,2.0,3.0,3.0,391,1
2,1.0,3.0,4.0,,2.0,,,,,,,,,,,,,,,,,,,,,,,,,,,,,,,,,,,,,,,,,,,,,,,,,,,,,,,,,,,,,,,,,,,,,,,,,,,,,,,,,,,,,,,,,,,,,,,,34,0
2,1.0,3.0,4.0,,3.0,4.0,4.0,4.0,2.0,4.0,2.0,4.0,3.0,2.0,3.0,2.0,4.0,4.0,5.0,2.0,3.0,3.0,4.0,4.0,4.0,1.0,1.0,3.0,2.0,1.0,2.0,1.0,2.0,1.0,2.0,2.0,4.0,3.0,1.0,4.0,4.0,4.0,2.0,1.0,4.0,3.0,3.0,4.0,3.0,3.0,3.0,2.0,4.0,1.0,1.0,1.0,1.0,2.0,1.0,1.0,4.0,1.0,1.0,1.0,2.0,3.0,3.0,1.0,1.0,4.0,4.0,4.0,4.0,4.0,4.0,2.0,1.0,3.0,3.0,4.0,4.0,2.0,4.0,13.0,1.0,The language,Whether it seemed to be professional or of personal importance ,4.0,4.0,4.0,4.0,2.0,4.0,2.0,4.0,3.0,2.0,4.0,2.0,4.0,1239,1
2,1.0,3.0,9.0,Hochschule,3.0,5.0,5.0,5.0,1.0,3.0,2.0,3.0,4.0,1.0,1.0,2.0,5.0,4.0,5.0,2.0,5.0,4.0,4.0,5.0,3.0,4.0,2.0,2.0,2.0,1.0,1.0,1.0,2.0,1.0,2.0,3.0,5.0,4.0,3.0,4.0,5.0,5.0,2.0,3.0,5.0,3.0,3.0,4.0,4.0,2.0,3.0,3.0,5.0,4.0,4.0,4.0,4.0,2.0,4.0,3.0,5.0,4.0,3.0,4.0,5.0,2.0,4.0,3.0,5.0,3.0,3.0,4.0,4.0,2.0,4.0,3.0,5.0,3.0,3.0,4.0,4.0,2.0,4.0,13.0,2.0,Belivable = design; unbelievable = words/ no pictures or contexts -> just a quote,"credible = design / language, not credible = simple design / no pictures or contexts ",4.0,5.0,5.0,4.0,1.0,4.0,1.0,3.0,4.0,2.0,1.0,1.0,5.0,762,1
2,-9.0,-9.0,-9.0,,-9.0,,,,,,,,,,,,,,,,,,,,,,,,,,,,,,,,,,,,,,,,,,,,,,,,,,,,,,,,,,,,,,,,,,,,,,,,,,,,,,,,,,,,,,,,,,,,,,,,61,0
2,1.0,3.0,4.0,,3.0,4.0,3.0,4.0,2.0,4.0,3.0,3.0,3.0,3.0,4.0,3.0,3.0,4.0,5.0,4.0,2.0,3.0,2.0,1.0,1.0,5.0,1.0,1.0,2.0,1.0,1.0,1.0,1.0,3.0,2.0,3.0,2.0,2.0,1.0,1.0,2.0,1.0,1.0,3.0,2.0,2.0,1.0,1.0,2.0,1.0,1.0,3.0,3.0,2.0,1.0,2.0,3.0,2.0,1.0,3.0,3.0,1.0,1.0,2.0,2.0,2.0,1.0,3.0,3.0,3.0,1.0,3.0,4.0,3.0,1.0,3.0,3.0,2.0,1.0,3.0,4.0,2.0,1.0,14.0,2.0,depending on how extreme the demands were,without any sources or data it's not really credible ,4.0,4.0,3.0,4.0,2.0,4.0,2.0,3.0,3.0,3.0,4.0,3.0,3.0,767,1
2,3.0,3.0,4.0,,3.0,5.0,5.0,5.0,1.0,2.0,3.0,2.0,2.0,2.0,3.0,4.0,5.0,4.0,5.0,4.0,4.0,4.0,2.0,4.0,2.0,2.0,1.0,1.0,2.0,1.0,1.0,1.0,1.0,2.0,4.0,1.0,4.0,5.0,5.0,5.0,5.0,3.0,3.0,2.0,4.0,5.0,5.0,4.0,5.0,3.0,3.0,1.0,4.0,5.0,4.0,4.0,4.0,3.0,3.0,1.0,3.0,4.0,4.0,4.0,4.0,3.0,3.0,1.0,3.0,5.0,5.0,4.0,5.0,3.0,3.0,1.0,3.0,4.0,4.0,4.0,4.0,4.0,3.0,14.0,1.0,Whether I heard of it before e. g. on a podcast.,"Plausible arguments, considerations and examples",4.0,5.0,5.0,5.0,1.0,1.0,2.0,2.0,2.0,2.0,3.0,4.0,5.0,757,1
2,2.0,3.0,8.0,,3.0,5.0,5.0,4.0,2.0,4.0,4.0,3.0,3.0,1.0,5.0,4.0,4.0,4.0,3.0,5.0,2.0,3.0,3.0,3.0,2.0,3.0,1.0,1.0,2.0,1.0,1.0,1.0,1.0,3.0,2.0,3.0,4.0,2.0,1.0,1.0,4.0,1.0,2.0,3.0,4.0,3.0,2.0,2.0,4.0,2.0,1.0,3.0,3.0,4.0,2.0,4.0,5.0,4.0,4.0,3.0,4.0,4.0,3.0,2.0,4.0,4.0,2.0,,,,,,,,,,,,,,,,,15.0,2.0,,,,,,,,,,,,,,,,312,0
2,1.0,3.0,4.0,,2.0,5.0,3.0,5.0,1.0,5.0,1.0,3.0,2.0,1.0,5.0,2.0,5.0,4.0,5.0,4.0,4.0,5.0,4.0,4.0,3.0,3.0,3.0,2.0,2.0,1.0,1.0,2.0,1.0,2.0,2.0,2.0,4.0,2.0,2.0,3.0,5.0,5.0,2.0,3.0,4.0,4.0,3.0,4.0,5.0,2.0,5.0,1.0,1.0,2.0,2.0,2.0,3.0,4.0,2.0,1.0,4.0,4.0,4.0,4.0,5.0,2.0,5.0,3.0,2.0,4.0,3.0,4.0,5.0,2.0,5.0,1.0,2.0,3.0,3.0,4.0,5.0,2.0,5.0,15.0,1.0,If it aligned with my knowledge and was presented in an unbiased sounding language,"Facts, numbers and then normally sources, but there were no sources stated at all. Therefore all content seemed only slightly credible.",4.0,5.0,3.0,4.0,1.0,4.0,1.0,3.0,2.0,1.0,5.0,1.0,5.0,786,1
2,1.0,4.0,4.0,,2.0,4.0,3.0,5.0,4.0,3.0,2.0,3.0,4.0,2.0,5.0,5.0,3.0,2.0,4.0,5.0,3.0,3.0,2.0,3.0,4.0,2.0,5.0,1.0,2.0,1.0,1.0,1.0,1.0,3.0,4.0,2.0,3.0,4.0,4.0,5.0,4.0,3.0,4.0,2.0,3.0,3.0,3.0,3.0,3.0,3.0,3.0,1.0,3.0,4.0,4.0,3.0,4.0,4.0,3.0,1.0,3.0,3.0,3.0,3.0,2.0,2.0,3.0,3.0,3.0,3.0,3.0,3.0,3.0,3.0,3.0,3.0,3.0,3.0,2.0,3.0,4.0,3.0,2.0,16.0,1.0,"Many intense, well-formulated statements make it clearer that it is made by AI","Many intense, well-formulated statements make it clearer that it is made by AI",2.0,4.0,4.0,4.0,3.0,4.0,4.0,4.0,2.0,3.0,4.0,2.0,3.0,762,1
2,1.0,4.0,4.0,,3.0,5.0,2.0,5.0,1.0,5.0,1.0,1.0,2.0,1.0,5.0,5.0,5.0,4.0,5.0,1.0,5.0,5.0,4.0,5.0,5.0,1.0,1.0,2.0,2.0,1.0,1.0,1.0,2.0,1.0,4.0,2.0,4.0,5.0,5.0,5.0,5.0,5.0,5.0,,,,,,,,,,,,,,,,,,,,,,,,,,,,,,,,,,,,,,,,,16.0,2.0,,,,,,,,,,,,,,,,460,0
2,1.0,4.0,4.0,,3.0,4.0,4.0,3.0,3.0,2.0,2.0,2.0,3.0,2.0,4.0,2.0,4.0,3.0,2.0,5.0,3.0,2.0,1.0,4.0,3.0,1.0,2.0,1.0,2.0,1.0,1.0,1.0,1.0,1.0,3.0,2.0,1.0,2.0,2.0,2.0,3.0,3.0,2.0,1.0,3.0,4.0,4.0,4.0,4.0,2.0,4.0,3.0,2.0,3.0,3.0,2.0,2.0,4.0,3.0,1.0,2.0,4.0,4.0,4.0,4.0,2.0,4.0,3.0,3.0,2.0,2.0,3.0,4.0,2.0,3.0,2.0,1.0,3.0,4.0,3.0,4.0,1.0,4.0,17.0,2.0,"Wording, structure of sentences",Realistic political phrasing,3.0,4.0,4.0,4.0,2.0,4.0,3.0,2.0,3.0,4.0,4.0,3.0,3.0,725,1
2,2.0,4.0,8.0,,1.0,5.0,5.0,3.0,3.0,5.0,3.0,3.0,4.0,2.0,4.0,5.0,4.0,3.0,3.0,5.0,2.0,3.0,2.0,4.0,1.0,2.0,1.0,3.0,2.0,1.0,2.0,1.0,2.0,1.0,5.0,3.0,1.0,2.0,4.0,3.0,2.0,4.0,1.0,3.0,1.0,4.0,2.0,4.0,4.0,3.0,4.0,3.0,4.0,4.0,4.0,2.0,4.0,3.0,2.0,1.0,1.0,5.0,3.0,5.0,5.0,1.0,5.0,3.0,3.0,1.0,2.0,2.0,2.0,3.0,2.0,3.0,1.0,4.0,2.0,4.0,2.0,2.0,5.0,17.0,1.0,Previous knowledge and common sense,"Not sure, alignment with the aforementioned?",3.0,5.0,4.0,4.0,2.0,5.0,3.0,3.0,4.0,2.0,4.0,4.0,4.0,1150,1
2,1.0,3.0,4.0,,3.0,,,,,,,,,,,,,,,,,,,,,,,,,,,,,,,,,,,,,,,,,,,,,,,,,,,,,,,,,,,,,,,,,,,,,,,,,,,,,,,,,,,,,,,,,,,,,,,,48,0
2,1.0,4.0,8.0,,3.0,5.0,3.0,5.0,1.0,4.0,2.0,3.0,3.0,1.0,4.0,4.0,5.0,4.0,3.0,4.0,3.0,4.0,4.0,3.0,3.0,3.0,3.0,3.0,2.0,1.0,1.0,2.0,2.0,1.0,4.0,2.0,4.0,2.0,3.0,4.0,4.0,4.0,2.0,2.0,2.0,2.0,3.0,3.0,4.0,2.0,4.0,3.0,4.0,4.0,4.0,3.0,5.0,2.0,5.0,1.0,4.0,3.0,4.0,2.0,4.0,4.0,3.0,2.0,4.0,3.0,4.0,4.0,4.0,3.0,2.0,2.0,3.0,3.0,4.0,3.0,4.0,3.0,4.0,18.0,2.0,"all of the content ist not really beliveable, because its absolutly out of context. But sometimes the word are harder ",i dont know honestly.,4.0,5.0,4.0,5.0,1.0,4.0,2.0,3.0,3.0,1.0,4.0,3.0,3.0,717,1
2,2.0,4.0,3.0,,2.0,5.0,3.0,5.0,2.0,4.0,2.0,3.0,2.0,2.0,4.0,2.0,3.0,3.0,2.0,4.0,3.0,3.0,1.0,3.0,4.0,3.0,4.0,2.0,2.0,1.0,1.0,2.0,1.0,1.0,4.0,1.0,1.0,1.0,1.0,2.0,4.0,1.0,1.0,1.0,1.0,1.0,1.0,2.0,4.0,1.0,1.0,2.0,1.0,1.0,1.0,2.0,2.0,1.0,1.0,2.0,1.0,2.0,2.0,2.0,4.0,1.0,1.0,1.0,1.0,1.0,1.0,2.0,4.0,1.0,4.0,1.0,1.0,1.0,1.0,1.0,3.0,1.0,3.0,18.0,1.0,"Unbelievable- the missing of context and sources, who said waht when and why, furthermore the underlying structure of an argument always makes things more understandable ",The underlying argumentative structure and elaboration,3.0,4.0,3.0,5.0,2.0,4.0,2.0,3.0,2.0,2.0,4.0,2.0,3.0,1183,1
2,1.0,4.0,4.0,,3.0,4.0,3.0,4.0,2.0,4.0,2.0,3.0,2.0,2.0,3.0,4.0,4.0,4.0,4.0,2.0,4.0,4.0,3.0,4.0,4.0,4.0,2.0,2.0,2.0,1.0,2.0,1.0,1.0,1.0,4.0,1.0,4.0,3.0,4.0,4.0,4.0,4.0,2.0,2.0,4.0,3.0,4.0,4.0,4.0,2.0,4.0,2.0,4.0,3.0,4.0,3.0,4.0,2.0,4.0,1.0,4.0,3.0,4.0,4.0,4.0,2.0,4.0,1.0,4.0,3.0,4.0,3.0,4.0,2.0,4.0,1.0,4.0,3.0,3.0,4.0,4.0,2.0,4.0,19.0,2.0,"Sentence structure, usage of clear examples and goals","Usually reliable sources, here I didnt know...",4.0,4.0,3.0,4.0,2.0,4.0,2.0,3.0,2.0,2.0,3.0,4.0,4.0,647,1
2,1.0,3.0,4.0,,3.0,,,,,,,,,,,,,,,,,,,,,,,,,,,,,,,,,,,,,,,,,,,,,,,,,,,,,,,,,,,,,,,,,,,,,,,,,,,,,,,,,,,,,,,,,,,,,,,,42,0
2,1.0,3.0,8.0,,3.0,5.0,4.0,4.0,1.0,4.0,1.0,2.0,1.0,1.0,3.0,2.0,5.0,4.0,5.0,2.0,4.0,4.0,3.0,4.0,4.0,1.0,3.0,2.0,2.0,1.0,1.0,2.0,1.0,1.0,4.0,2.0,2.0,4.0,1.0,2.0,5.0,1.0,2.0,,,,,,,,,,,,,,,,,,,,,,,,,,,,,,,,,,,,,,,,,19.0,1.0,,,,,,,,,,,,,,,,250,0
2,3.0,2.0,4.0,,3.0,5.0,3.0,4.0,1.0,3.0,1.0,4.0,2.0,2.0,5.0,2.0,5.0,5.0,3.0,2.0,4.0,3.0,4.0,4.0,2.0,1.0,4.0,2.0,2.0,1.0,1.0,2.0,1.0,3.0,4.0,2.0,4.0,2.0,2.0,2.0,3.0,1.0,1.0,3.0,1.0,1.0,1.0,2.0,1.0,1.0,1.0,2.0,1.0,2.0,1.0,2.0,1.0,1.0,1.0,1.0,5.0,2.0,4.0,3.0,3.0,4.0,1.0,1.0,4.0,5.0,4.0,4.0,4.0,2.0,5.0,2.0,5.0,5.0,4.0,4.0,5.0,3.0,5.0,20.0,1.0,"The way it was written. Especially the writing style being rather objective, leaving it clear that a specific opinion is presented in a non-judgmental way or way that feels like invading your own personal space of opinion. ",Presenting opinions as facts (as unfortunately often done by many humans) makes content not credible to me. Also a clear line of argumentation which makes it easy to follow and then judge whether to agree with the view offered or not.,5.0,5.0,2.0,4.0,1.0,2.0,1.0,4.0,2.0,2.0,4.0,2.0,5.0,959,1
2,1.0,3.0,4.0,,3.0,5.0,4.0,4.0,2.0,3.0,2.0,4.0,2.0,1.0,5.0,4.0,5.0,4.0,3.0,4.0,3.0,4.0,3.0,2.0,4.0,2.0,2.0,1.0,2.0,1.0,1.0,1.0,1.0,3.0,2.0,3.0,5.0,2.0,1.0,2.0,4.0,3.0,2.0,,,,,,,,,,,,,,,,,,,,,,,,,,,,,,,,,,,,,,,,,22.0,2.0,,,,,,,,,,,,,,,,407,0
2,1.0,3.0,4.0,,3.0,5.0,3.0,4.0,1.0,5.0,1.0,3.0,1.0,2.0,3.0,4.0,5.0,4.0,4.0,3.0,3.0,3.0,3.0,3.0,5.0,2.0,2.0,2.0,2.0,1.0,1.0,2.0,1.0,1.0,2.0,2.0,5.0,5.0,2.0,4.0,5.0,4.0,4.0,2.0,5.0,2.0,3.0,2.0,3.0,2.0,3.0,1.0,5.0,2.0,2.0,1.0,2.0,1.0,2.0,1.0,5.0,4.0,4.0,4.0,5.0,4.0,3.0,1.0,5.0,2.0,2.0,2.0,5.0,3.0,3.0,2.0,5.0,5.0,4.0,3.0,5.0,3.0,3.0,22.0,1.0,if the content contained numbers or reasons supporting the claims.,if the content contained numbers or reasons supporting the claims.,4.0,5.0,3.0,4.0,1.0,4.0,1.0,2.0,3.0,2.0,3.0,3.0,5.0,1321,1
2,1.0,3.0,4.0,,3.0,4.0,4.0,4.0,1.0,4.0,3.0,4.0,2.0,2.0,4.0,2.0,4.0,4.0,5.0,3.0,3.0,3.0,3.0,5.0,5.0,3.0,2.0,1.0,2.0,1.0,1.0,1.0,1.0,2.0,4.0,3.0,5.0,4.0,2.0,4.0,4.0,3.0,2.0,2.0,5.0,4.0,2.0,4.0,4.0,2.0,3.0,1.0,5.0,4.0,4.0,4.0,4.0,2.0,4.0,1.0,5.0,4.0,4.0,4.0,3.0,2.0,3.0,2.0,5.0,4.0,3.0,4.0,4.0,2.0,4.0,1.0,5.0,4.0,4.0,4.0,4.0,2.0,4.0,20.0,2.0,my prior knowledge and opinion about the topic,the structure of the quote and my prior knowledge,4.0,4.0,4.0,4.0,2.0,4.0,3.0,4.0,2.0,1.0,3.0,2.0,4.0,1137,1
2,2.0,3.0,4.0,,3.0,5.0,3.0,4.0,2.0,5.0,1.0,2.0,4.0,2.0,5.0,3.0,4.0,4.0,5.0,4.0,4.0,3.0,4.0,4.0,4.0,1.0,1.0,1.0,2.0,1.0,1.0,1.0,1.0,1.0,4.0,3.0,4.0,5.0,4.0,4.0,5.0,5.0,2.0,3.0,4.0,5.0,4.0,5.0,5.0,3.0,5.0,3.0,5.0,4.0,2.0,2.0,2.0,2.0,2.0,2.0,5.0,4.0,4.0,3.0,4.0,2.0,4.0,3.0,3.0,5.0,5.0,4.0,5.0,5.0,5.0,3.0,3.0,4.0,4.0,5.0,4.0,3.0,4.0,21.0,1.0,exaggerations rather unbelievable,"I guess alignment with my opinon made it credible, no exaggerations",4.0,5.0,3.0,4.0,3.0,4.0,2.0,1.0,4.0,3.0,4.0,4.0,4.0,909,1
2,1.0,3.0,4.0,,2.0,5.0,3.0,4.0,1.0,4.0,2.0,3.0,2.0,1.0,5.0,1.0,3.0,4.0,3.0,5.0,2.0,2.0,4.0,4.0,2.0,1.0,2.0,2.0,2.0,1.0,1.0,2.0,1.0,3.0,1.0,3.0,4.0,4.0,1.0,1.0,3.0,3.0,2.0,2.0,5.0,4.0,3.0,4.0,2.0,4.0,3.0,1.0,4.0,4.0,5.0,5.0,5.0,4.0,5.0,2.0,5.0,2.0,2.0,3.0,4.0,2.0,3.0,3.0,3.0,5.0,4.0,5.0,4.0,3.0,4.0,1.0,3.0,4.0,4.0,4.0,4.0,4.0,2.0,21.0,2.0,Reasoning,Too difficult wording,4.0,4.0,2.0,3.0,2.0,4.0,2.0,3.0,2.0,5.0,5.0,2.0,3.0,680,1
2,2.0,4.0,4.0,,3.0,4.0,3.0,4.0,2.0,4.0,4.0,3.0,2.0,1.0,4.0,4.0,4.0,4.0,5.0,4.0,3.0,3.0,4.0,5.0,4.0,2.0,2.0,1.0,1.0,1.0,1.0,2.0,1.0,1.0,2.0,1.0,5.0,3.0,4.0,3.0,4.0,4.0,4.0,3.0,5.0,5.0,5.0,4.0,4.0,4.0,5.0,1.0,4.0,3.0,2.0,3.0,4.0,3.0,3.0,2.0,3.0,2.0,4.0,2.0,3.0,2.0,2.0,3.0,4.0,4.0,4.0,4.0,3.0,4.0,5.0,2.0,4.0,3.0,4.0,3.0,4.0,4.0,4.0,23.0,2.0,Writing,Emotional topics,4.0,4.0,3.0,4.0,1.0,4.0,4.0,4.0,4.0,5.0,4.0,5.0,2.0,611,1
2,1.0,3.0,4.0,,2.0,5.0,4.0,3.0,1.0,4.0,2.0,3.0,3.0,2.0,4.0,2.0,4.0,4.0,3.0,4.0,3.0,3.0,4.0,4.0,3.0,2.0,2.0,2.0,2.0,1.0,1.0,2.0,1.0,1.0,4.0,1.0,4.0,4.0,4.0,3.0,4.0,4.0,2.0,1.0,4.0,3.0,4.0,4.0,4.0,2.0,4.0,1.0,4.0,4.0,4.0,4.0,3.0,3.0,3.0,2.0,3.0,4.0,4.0,4.0,3.0,2.0,4.0,1.0,4.0,5.0,4.0,3.0,4.0,2.0,4.0,2.0,3.0,4.0,3.0,3.0,4.0,2.0,4.0,23.0,1.0,"The way of formulation. I think the harder it was to grasp, the more I expected it to be AI generated.",Smart words,4.0,4.0,3.0,3.0,2.0,3.0,2.0,3.0,3.0,2.0,4.0,2.0,4.0,1556,1
2,2.0,4.0,4.0,,3.0,5.0,3.0,3.0,1.0,4.0,2.0,3.0,2.0,2.0,4.0,2.0,4.0,4.0,3.0,3.0,4.0,4.0,2.0,3.0,3.0,2.0,1.0,2.0,2.0,1.0,1.0,2.0,1.0,2.0,4.0,2.0,3.0,5.0,5.0,4.0,4.0,4.0,2.0,1.0,3.0,4.0,4.0,4.0,3.0,2.0,2.0,1.0,1.0,2.0,2.0,2.0,2.0,1.0,1.0,2.0,3.0,3.0,3.0,3.0,3.0,3.0,2.0,1.0,2.0,5.0,5.0,5.0,5.0,1.0,5.0,1.0,1.0,5.0,5.0,5.0,5.0,1.0,5.0,24.0,1.0,I tend to believe content that supports my already existing beliefs. ,Using numbers ,4.0,5.0,3.0,2.0,1.0,4.0,2.0,3.0,3.0,1.0,2.0,2.0,4.0,1135,1
2,2.0,5.0,8.0,,3.0,,,,,,,,,,,,,,,,,,,,,,,,,,,,,,,,,,,,,,,,,,,,,,,,,,,,,,,,,,,,,,,,,,,,,,,,,,,,,,,,,,,,,,,,,,,,,,,,63,0
2,1.0,3.0,9.0,Ausbildung zur Physiotherapeutin nach dem Abi,3.0,5.0,4.0,3.0,1.0,3.0,3.0,2.0,2.0,2.0,1.0,2.0,4.0,4.0,3.0,4.0,3.0,2.0,4.0,3.0,2.0,1.0,1.0,3.0,2.0,1.0,1.0,2.0,2.0,2.0,2.0,2.0,5.0,3.0,2.0,1.0,4.0,3.0,2.0,1.0,5.0,4.0,3.0,3.0,4.0,3.0,5.0,1.0,5.0,4.0,3.0,2.0,4.0,3.0,5.0,1.0,5.0,3.0,3.0,2.0,4.0,3.0,4.0,2.0,5.0,3.0,2.0,2.0,4.0,3.0,4.0,2.0,5.0,3.0,2.0,2.0,4.0,3.0,4.0,24.0,2.0,"It often seemed to be a personal opinion which was stated, in combination with facts. For assuming if the author was human, I focussed on the formulation.",The form of the argument.,4.0,5.0,4.0,3.0,1.0,2.0,2.0,2.0,2.0,2.0,1.0,2.0,4.0,1287,1
2,1.0,3.0,4.0,,3.0,4.0,3.0,4.0,1.0,4.0,2.0,3.0,2.0,2.0,2.0,3.0,4.0,4.0,5.0,4.0,4.0,4.0,3.0,5.0,4.0,4.0,2.0,1.0,2.0,1.0,1.0,1.0,1.0,1.0,3.0,2.0,4.0,3.0,4.0,4.0,4.0,4.0,3.0,2.0,4.0,3.0,4.0,3.0,4.0,3.0,4.0,3.0,4.0,3.0,4.0,4.0,3.0,2.0,4.0,3.0,4.0,3.0,3.0,4.0,3.0,2.0,3.0,3.0,4.0,3.0,3.0,3.0,3.0,3.0,3.0,3.0,4.0,4.0,4.0,3.0,4.0,3.0,4.0,25.0,2.0,Examples ,Examples,4.0,5.0,5.0,5.0,1.0,4.0,2.0,3.0,3.0,2.0,2.0,3.0,4.0,1114,1
2,1.0,3.0,4.0,,3.0,3.0,2.0,5.0,1.0,4.0,2.0,3.0,4.0,2.0,4.0,4.0,4.0,4.0,5.0,3.0,3.0,4.0,4.0,5.0,5.0,2.0,3.0,5.0,2.0,2.0,2.0,2.0,2.0,1.0,4.0,3.0,2.0,2.0,4.0,4.0,5.0,4.0,2.0,2.0,4.0,3.0,2.0,3.0,4.0,2.0,4.0,2.0,4.0,1.0,2.0,2.0,2.0,4.0,1.0,2.0,3.0,2.0,4.0,3.0,4.0,2.0,4.0,1.0,4.0,4.0,3.0,4.0,5.0,2.0,4.0,2.0,4.0,2.0,4.0,4.0,5.0,2.0,4.0,25.0,1.0,It depends a lot on my beforehand knowledge,"Phrasing, although i can not specifically can explain how",4.0,4.0,3.0,5.0,2.0,5.0,1.0,3.0,4.0,2.0,4.0,4.0,5.0,898,1
2,2.0,4.0,8.0,,2.0,5.0,3.0,4.0,3.0,5.0,3.0,4.0,4.0,4.0,4.0,3.0,3.0,3.0,4.0,3.0,3.0,4.0,4.0,4.0,4.0,2.0,1.0,2.0,1.0,2.0,1.0,2.0,1.0,1.0,5.0,3.0,3.0,3.0,3.0,2.0,4.0,2.0,2.0,2.0,3.0,4.0,4.0,4.0,4.0,2.0,4.0,1.0,3.0,4.0,4.0,4.0,1.0,2.0,4.0,1.0,3.0,1.0,1.0,2.0,3.0,2.0,4.0,1.0,3.0,4.0,3.0,2.0,5.0,2.0,5.0,1.0,3.0,1.0,2.0,1.0,3.0,2.0,2.0,26.0,1.0,mostly if there were points that followed from each other to support each other made it more beliveable.,factual evidence or facts that held more overall truth,3.0,3.0,3.0,5.0,3.0,5.0,4.0,4.0,4.0,3.0,4.0,3.0,4.0,1276,1
2,2.0,4.0,8.0,,3.0,2.0,2.0,2.0,2.0,4.0,4.0,4.0,4.0,2.0,4.0,1.0,2.0,3.0,4.0,5.0,3.0,4.0,3.0,2.0,5.0,1.0,1.0,1.0,1.0,1.0,1.0,2.0,1.0,1.0,4.0,1.0,2.0,2.0,2.0,1.0,1.0,1.0,1.0,1.0,2.0,2.0,2.0,2.0,1.0,1.0,1.0,2.0,2.0,2.0,2.0,2.0,4.0,1.0,2.0,2.0,2.0,1.0,1.0,1.0,1.0,1.0,1.0,2.0,2.0,2.0,2.0,2.0,2.0,2.0,2.0,1.0,1.0,1.0,1.0,1.0,1.0,1.0,1.0,26.0,2.0,Honestly there was nothing that stood out in particular,Honestly there was nothing that stood out in particular,2.0,1.0,4.0,2.0,2.0,4.0,4.0,4.0,4.0,2.0,4.0,1.0,2.0,776,0
2,1.0,3.0,4.0,,3.0,,,,,,,,,,,,,,,,,,,,,,,,,,,,,,,,,,,,,,,,,,,,,,,,,,,,,,,,,,,,,,,,,,,,,,,,,,,,,,,,,,,,,,,,,,,,,,,,31,0
2,1.0,3.0,4.0,,2.0,5.0,4.0,5.0,2.0,3.0,3.0,3.0,3.0,2.0,3.0,2.0,4.0,4.0,4.0,3.0,3.0,3.0,3.0,5.0,2.0,1.0,1.0,1.0,1.0,1.0,1.0,1.0,2.0,3.0,4.0,1.0,4.0,4.0,4.0,4.0,5.0,5.0,2.0,3.0,4.0,4.0,4.0,3.0,4.0,2.0,4.0,3.0,2.0,4.0,4.0,3.0,3.0,3.0,2.0,1.0,3.0,4.0,3.0,3.0,4.0,2.0,4.0,3.0,3.0,3.0,3.0,2.0,2.0,1.0,3.0,2.0,2.0,3.0,3.0,3.0,3.0,2.0,2.0,27.0,2.0,"none of the content was unbelievable since they were simple suggestions, some were more extreme than others and on some I had insufficient knowledge to form an opinion","again, they were all suggestions or statements there was, in my opinion nothing to find credible or not. education should adjust to the modern age and climate change is a big problem. to me this is common knowledge ",4.0,5.0,4.0,5.0,2.0,3.0,3.0,3.0,3.0,2.0,2.0,2.0,3.0,1076,1
2,1.0,5.0,8.0,,3.0,5.0,3.0,4.0,1.0,5.0,2.0,2.0,1.0,2.0,4.0,2.0,4.0,3.0,5.0,4.0,3.0,3.0,4.0,5.0,2.0,3.0,2.0,2.0,2.0,1.0,1.0,2.0,1.0,1.0,4.0,3.0,5.0,3.0,3.0,3.0,5.0,4.0,2.0,3.0,5.0,3.0,3.0,3.0,4.0,2.0,4.0,3.0,5.0,3.0,3.0,3.0,3.0,2.0,4.0,3.0,5.0,3.0,3.0,3.0,4.0,2.0,4.0,3.0,5.0,3.0,3.0,3.0,4.0,2.0,4.0,3.0,5.0,3.0,3.0,3.0,4.0,2.0,4.0,27.0,1.0,"nothing, no source was named","nothing, no source was named",3.0,4.0,3.0,4.0,1.0,4.0,1.0,3.0,2.0,2.0,4.0,2.0,5.0,929,1
2,2.0,3.0,4.0,,3.0,4.0,2.0,3.0,3.0,5.0,3.0,5.0,2.0,1.0,3.0,2.0,4.0,3.0,3.0,5.0,1.0,3.0,3.0,4.0,1.0,2.0,2.0,2.0,2.0,1.0,1.0,2.0,1.0,1.0,3.0,2.0,2.0,3.0,4.0,3.0,4.0,4.0,2.0,1.0,1.0,4.0,3.0,3.0,4.0,2.0,4.0,2.0,2.0,4.0,5.0,3.0,4.0,2.0,5.0,2.0,2.0,3.0,3.0,4.0,4.0,2.0,5.0,1.0,1.0,4.0,3.0,4.0,5.0,2.0,5.0,1.0,2.0,4.0,4.0,3.0,4.0,1.0,4.0,28.0,2.0,Especially the use of technical terms and the more information was given,technical terms and the amount of information,3.0,4.0,3.0,4.0,3.0,5.0,2.0,4.0,2.0,1.0,1.0,3.0,4.0,1385,1
2,1.0,3.0,4.0,,3.0,5.0,2.0,4.0,1.0,4.0,2.0,2.0,4.0,1.0,4.0,2.0,4.0,5.0,3.0,4.0,3.0,3.0,5.0,4.0,4.0,2.0,1.0,2.0,2.0,1.0,2.0,1.0,1.0,3.0,2.0,2.0,2.0,2.0,3.0,4.0,4.0,4.0,3.0,1.0,4.0,4.0,4.0,5.0,5.0,3.0,2.0,2.0,5.0,3.0,2.0,4.0,2.0,1.0,1.0,2.0,2.0,2.0,3.0,4.0,4.0,3.0,2.0,1.0,1.0,4.0,4.0,5.0,5.0,4.0,5.0,2.0,3.0,4.0,4.0,5.0,5.0,3.0,4.0,28.0,1.0,if i have heard something similar somewhere before,longer/more complicated words seemed more AI generated than not,5.0,5.0,2.0,4.0,1.0,4.0,2.0,2.0,4.0,1.0,4.0,2.0,4.0,849,1
2,1.0,3.0,4.0,,3.0,3.0,2.0,4.0,2.0,5.0,4.0,3.0,4.0,2.0,4.0,2.0,2.0,3.0,5.0,4.0,3.0,3.0,3.0,4.0,4.0,2.0,2.0,1.0,1.0,1.0,1.0,2.0,1.0,3.0,3.0,2.0,2.0,2.0,1.0,2.0,4.0,4.0,2.0,1.0,2.0,2.0,1.0,2.0,4.0,2.0,4.0,3.0,2.0,2.0,1.0,2.0,2.0,2.0,4.0,2.0,2.0,2.0,1.0,3.0,5.0,2.0,4.0,1.0,2.0,2.0,1.0,1.0,2.0,2.0,1.0,1.0,2.0,2.0,1.0,1.0,1.0,1.0,1.0,29.0,1.0,"All of the content was not very believable to me, because there were no sources given","All of the content was not very credible to me, because there were no sources given",3.0,2.0,4.0,4.0,2.0,4.0,4.0,3.0,4.0,2.0,3.0,2.0,2.0,1001,1
2,1.0,3.0,4.0,,2.0,,,,,,,,,,,,,,,,,,,,,,,,,,,,,,,,,,,,,,,,,,,,,,,,,,,,,,,,,,,,,,,,,,,,,,,,,,,,,,,,,,,,,,,,,,,,,,,,42,0
2,1.0,2.0,4.0,,2.0,5.0,4.0,5.0,1.0,4.0,1.0,4.0,2.0,2.0,4.0,2.0,5.0,5.0,5.0,2.0,4.0,3.0,4.0,5.0,5.0,2.0,3.0,1.0,2.0,1.0,1.0,1.0,1.0,1.0,3.0,1.0,2.0,4.0,4.0,5.0,5.0,4.0,4.0,1.0,4.0,4.0,4.0,5.0,5.0,4.0,4.0,2.0,4.0,4.0,5.0,4.0,5.0,4.0,2.0,2.0,4.0,4.0,4.0,4.0,5.0,4.0,4.0,2.0,4.0,2.0,4.0,4.0,5.0,4.0,2.0,1.0,4.0,5.0,5.0,5.0,5.0,4.0,5.0,29.0,2.0,"believable because of the content, addressing problems of climate change or the educational system",e.g. enumerations of issues,5.0,5.0,4.0,5.0,1.0,4.0,2.0,4.0,2.0,1.0,4.0,2.0,5.0,969,1
2,1.0,3.0,4.0,,3.0,5.0,3.0,5.0,1.0,4.0,1.0,2.0,2.0,1.0,4.0,3.0,5.0,4.0,5.0,4.0,3.0,4.0,3.0,4.0,2.0,3.0,1.0,3.0,2.0,1.0,2.0,1.0,2.0,3.0,3.0,1.0,4.0,4.0,5.0,5.0,5.0,5.0,1.0,2.0,2.0,3.0,4.0,4.0,4.0,3.0,2.0,3.0,4.0,3.0,4.0,2.0,1.0,3.0,2.0,2.0,4.0,4.0,3.0,4.0,4.0,2.0,4.0,1.0,1.0,5.0,5.0,5.0,5.0,2.0,5.0,1.0,1.0,4.0,4.0,5.0,4.0,2.0,4.0,30.0,1.0,If it aligned with what I know as facts,No idea,4.0,5.0,4.0,3.0,1.0,4.0,1.0,1.0,3.0,2.0,4.0,4.0,5.0,702,1
2,3.0,3.0,4.0,,3.0,5.0,3.0,2.0,1.0,3.0,2.0,3.0,2.0,2.0,3.0,1.0,4.0,5.0,5.0,1.0,4.0,4.0,4.0,5.0,5.0,3.0,5.0,1.0,2.0,1.0,1.0,1.0,1.0,1.0,4.0,3.0,4.0,5.0,3.0,4.0,5.0,4.0,2.0,2.0,4.0,5.0,3.0,4.0,5.0,2.0,4.0,2.0,4.0,4.0,2.0,3.0,4.0,2.0,3.0,3.0,4.0,5.0,3.0,4.0,5.0,2.0,4.0,1.0,4.0,5.0,4.0,4.0,5.0,3.0,4.0,1.0,4.0,4.0,4.0,4.0,4.0,2.0,4.0,30.0,2.0,Mostly my previous opinions I would say,"There are no statistics, fact checks or sources so really it was not very credible in my opinion, I just went by what I thought to know about the topics.",5.0,5.0,3.0,2.0,1.0,3.0,2.0,3.0,2.0,1.0,3.0,1.0,5.0,988,1
2,1.0,3.0,4.0,,3.0,5.0,4.0,4.0,1.0,5.0,2.0,2.0,4.0,2.0,2.0,2.0,5.0,4.0,2.0,4.0,1.0,2.0,2.0,2.0,1.0,1.0,1.0,2.0,2.0,1.0,2.0,1.0,1.0,3.0,2.0,3.0,4.0,5.0,4.0,4.0,5.0,5.0,2.0,3.0,4.0,5.0,4.0,4.0,5.0,2.0,5.0,3.0,4.0,4.0,4.0,4.0,4.0,2.0,4.0,3.0,4.0,4.0,4.0,5.0,5.0,2.0,5.0,3.0,4.0,4.0,4.0,4.0,4.0,2.0,4.0,3.0,4.0,4.0,4.0,5.0,5.0,2.0,5.0,31.0,2.0,"Since I have heard these notions from multiple sources (e.g. scientists, politicians), I think they are believable.","Specific arguments which I have heard before, made the content more credible.",4.0,5.0,4.0,2.0,1.0,4.0,2.0,2.0,3.0,2.0,2.0,2.0,5.0,1015,1
2,1.0,3.0,4.0,,3.0,5.0,3.0,4.0,1.0,4.0,2.0,3.0,2.0,1.0,4.0,2.0,5.0,4.0,3.0,4.0,3.0,2.0,4.0,3.0,2.0,1.0,2.0,3.0,2.0,1.0,1.0,2.0,2.0,3.0,3.0,3.0,3.0,4.0,4.0,4.0,4.0,5.0,2.0,1.0,2.0,3.0,3.0,4.0,4.0,3.0,4.0,2.0,3.0,3.0,2.0,2.0,2.0,2.0,1.0,2.0,4.0,2.0,2.0,2.0,1.0,2.0,1.0,1.0,4.0,4.0,4.0,4.0,5.0,3.0,4.0,1.0,1.0,5.0,4.0,4.0,5.0,2.0,5.0,31.0,1.0,"complexity of the vocabulary and sentence structure, as well as listings",Whether the facts seemed logical and the emotionality,4.0,5.0,2.0,4.0,1.0,4.0,2.0,2.0,2.0,2.0,3.0,2.0,5.0,922,1
2,1.0,3.0,4.0,,3.0,5.0,3.0,4.0,2.0,2.0,2.0,4.0,2.0,2.0,5.0,3.0,5.0,4.0,5.0,2.0,4.0,3.0,4.0,4.0,2.0,2.0,1.0,2.0,2.0,1.0,1.0,2.0,1.0,3.0,2.0,2.0,5.0,2.0,2.0,2.0,4.0,4.0,4.0,1.0,5.0,3.0,2.0,2.0,4.0,4.0,4.0,1.0,5.0,3.0,2.0,2.0,2.0,4.0,3.0,3.0,4.0,3.0,2.0,2.0,4.0,3.0,3.0,1.0,3.0,2.0,2.0,2.0,3.0,4.0,4.0,1.0,3.0,4.0,3.0,3.0,5.0,3.0,5.0,32.0,2.0,Unbelievable if the content is presented in a very dramatic way ,when the conetct is wirtten in formal language ,4.0,4.0,4.0,5.0,2.0,4.0,2.0,4.0,2.0,2.0,4.0,3.0,4.0,897,1
2,1.0,3.0,4.0,,3.0,5.0,3.0,3.0,1.0,5.0,1.0,4.0,1.0,1.0,3.0,2.0,5.0,5.0,4.0,2.0,5.0,3.0,5.0,3.0,3.0,3.0,4.0,2.0,2.0,1.0,1.0,2.0,1.0,2.0,1.0,2.0,5.0,2.0,1.0,4.0,5.0,4.0,4.0,2.0,5.0,3.0,4.0,4.0,4.0,2.0,3.0,1.0,3.0,2.0,1.0,2.0,3.0,1.0,2.0,1.0,5.0,4.0,4.0,4.0,1.0,1.0,1.0,1.0,1.0,5.0,3.0,5.0,5.0,1.0,5.0,3.0,4.0,3.0,3.0,4.0,5.0,1.0,5.0,32.0,1.0,"Whether reasoning is used, that I know is true and whether the content supports my existing opinion.",Naming sources and more specific data would have made it more credible.,5.0,5.0,3.0,3.0,1.0,4.0,1.0,4.0,1.0,1.0,4.0,1.0,5.0,1377,1
